"African American Studies","African American Studies BA"
"American Indian Studies","African American Studies BA"
"American Indian Studies","American Indian Studies BA"
"Anthropology","African and Middle Eastern Studies BA"
"Anthropology","American Indian Studies BA"
"Anthropology","Ancient Near East and Egyptology BA"
"Anthropology","Anthropology BA"
"Anthropology","Anthropology BS"
"Anthropology","Applied Linguistics BA"
"Anthropology","Arabic BA"
"Anthropology","Asian Studies BA"
"Anthropology","Cognitive Science BS"
"Anthropology","Communication Studies BA"
"Anthropology","European Studies BA"
"Anthropology","Global Studies BA"
"Anthropology","International Development Studies BA"
"Anthropology","Ancient Near East and Egyptology BA"
"Anthropology","Arabic BA"
"Anthropology","Middle Eastern Studies BA"
"Anthropology","Italian and Special Fields BA"
"Anthropology","Italian and Special Fields BA"
"Anthropology","Latin American Studies BA"
"Anthropology","Applied Linguistics BA"
"Anthropology","Linguistics and Anthropology BA"
"Anthropology","Linguistics and Anthropology BA"
"Anthropology","Middle Eastern Studies BA"
"Anthropology","Ancient Near East and Egyptology BA"
"Anthropology","Arabic BA"
"Anthropology","Middle Eastern Studies BA"
"Anthropology","Cognitive Science BS"
"Anthropology","Study of Religion BA"
"Applied Linguistics","Applied Linguistics BA"
"Applied Linguistics","Applied Linguistics BA"
"Architecture and Urban Design","Architectural Studies BA"
"Architecture and Urban Design","Architectural Studies BA"
"Art","African and Middle Eastern Studies BA"
"Art","Arabic BA"
"Art","Art BA"
"Art","Art History BA"
"Art","Asian Studies BA"
"Art","Dance BA"
"Art","World Arts and Cultures BA"
"Art","Dance BA"
"Art","Design | Media Arts BA"
"Art","European Studies BA"
"Art","Global Studies BA"
"Art","Iranian Studies BA"
"Art","Arabic BA"
"Art","Iranian Studies BA"
"Art","Middle Eastern Studies BA"
"Art","Italian and Special Fields BA"
"Art","Italian and Special Fields BA"
"Art","Latin American Studies BA"
"Art","Middle Eastern Studies BA"
"Art","Arabic BA"
"Art","Iranian Studies BA"
"Art","Middle Eastern Studies BA"
"Art","Study of Religion BA"
"Art","World Arts and Cultures BA"
"Art History","African and Middle Eastern Studies BA"
"Art History","Arabic BA"
"Art History","Art BA"
"Art History","Art History BA"
"Art History","Asian Studies BA"
"Art History","Iranian Studies BA"
"Art History","Arabic BA"
"Art History","Iranian Studies BA"
"Art History","Middle Eastern Studies BA"
"Art History","Italian and Special Fields BA"
"Art History","Italian and Special Fields BA"
"Art History","Middle Eastern Studies BA"
"Art History","Arabic BA"
"Art History","Iranian Studies BA"
"Art History","Middle Eastern Studies BA"
"Art History","Study of Religion BA"
"Asian American Studies","African American Studies BA"
"Asian American Studies","Asian American Studies BA"
"Asian American Studies","Global Studies BA"
"Asian American Studies","International Development Studies BA"
"Hindi-Urdu","Asian Humanities BA"
"Hindi-Urdu","Asian Humanities BA"
"Hindi-Urdu","Asian Languages and Linguistics BA"
"Hindi-Urdu","Asian Religions BA"
"Hindi-Urdu","Asian Languages and Linguistics BA"
"Hindi-Urdu","Asian Religions BA"
"Hindi-Urdu","Asian Studies BA"
"Hindi-Urdu","Asian Humanities BA"
"Hindi-Urdu","Asian Languages and Linguistics BA"
"Hindi-Urdu","Asian Religions BA"
"Indonesian","Asian Humanities BA"
"Indonesian","Asian Humanities BA"
"Indonesian","Asian Languages and Linguistics BA"
"Indonesian","Asian Religions BA"
"Indonesian","Asian Languages and Linguistics BA"
"Indonesian","Asian Religions BA"
"Indonesian","Asian Studies BA"
"Indonesian","Asian Humanities BA"
"Indonesian","Asian Languages and Linguistics BA"
"Indonesian","Asian Religions BA"
"South Asian","Asian Humanities BA"
"South Asian","Asian Humanities BA"
"South Asian","Asian Languages and Linguistics BA"
"South Asian","Asian Religions BA"
"South Asian","Asian Languages and Linguistics BA"
"South Asian","Asian Religions BA"
"South Asian","Asian Studies BA"
"South Asian","Asian Humanities BA"
"South Asian","Asian Languages and Linguistics BA"
"South Asian","Asian Religions BA"
"Southeast Asian","Asian Humanities BA"
"Southeast Asian","Asian Humanities BA"
"Southeast Asian","Asian Languages and Linguistics BA"
"Southeast Asian","Asian Religions BA"
"Southeast Asian","Asian Languages and Linguistics BA"
"Southeast Asian","Asian Religions BA"
"Southeast Asian","Asian Studies BA"
"Southeast Asian","Global Studies BA"
"Southeast Asian","Asian Humanities BA"
"Southeast Asian","Asian Languages and Linguistics BA"
"Southeast Asian","Asian Religions BA"
"Thai","Asian Humanities BA"
"Thai","Asian Humanities BA"
"Thai","Asian Languages and Linguistics BA"
"Thai","Asian Religions BA"
"Thai","Asian Languages and Linguistics BA"
"Thai","Asian Religions BA"
"Thai","Asian Studies BA"
"Thai","Asian Humanities BA"
"Thai","Asian Languages and Linguistics BA"
"Thai","Asian Religions BA"
"Atmospheric and Oceanic Sciences","Atmospheric and Oceanic Sciences BS"
"Atmospheric and Oceanic Sciences","Atmospheric and Oceanic Sciences/Mathematics BS"
"Atmospheric and Oceanic Sciences","Climate Science BS"
"Atmospheric and Oceanic Sciences","Atmospheric and Oceanic Sciences/Mathematics BS"
"Atmospheric and Oceanic Sciences","Climate Science BS"
"Atmospheric and Oceanic Sciences","Environmental Science BS"
"Atmospheric and Oceanic Sciences","Environmental Science BS"
"Atmospheric and Oceanic Sciences","Environmental Science BS"
"Atmospheric and Oceanic Sciences","Marine Biology BS"
"Bioengineering","Bioengineering BS"
"Bioengineering","Chemical Engineering BS"
"Bioengineering","Microbiology, Immunology, and Molecular Genetics BS"
"Biomathematics","Mathematics/Applied Science BS"
"Biomathematics","Mathematics/Applied Science BS"
"Biostatistics","Computational and Systems Biology BS"
"Biostatistics","Mathematics/Applied Science BS"
"Biostatistics","Mathematics/Applied Science BS"
"Biostatistics","Microbiology, Immunology, and Molecular Genetics BS"
"Biostatistics","Nursing BS Prelicensure"
"Biostatistics","Nursing BS Prelicensure"
"Chemical Engineering","Chemical Engineering BS"
"Chemical Engineering","Civil Engineering BS"
"Chemical Engineering","Environmental Science BS"
"Chemical Engineering","Environmental Science BS"
"Chemical Engineering","Environmental Science BS"
"Chemical Engineering","Materials Engineering BS"
"Chemical Engineering","Materials Engineering BS"
"Chemistry and Biochemistry","Aerospace Engineering BS"
"Chemistry and Biochemistry","Anthropology BS"
"Chemistry and Biochemistry","Applied Mathematics BS"
"Chemistry and Biochemistry","Astrophysics BS"
"Chemistry and Biochemistry","Biophysics BS"
"Chemistry and Biochemistry","Physics BA"
"Chemistry and Biochemistry","Physics BS"
"Chemistry and Biochemistry","Astrophysics BS"
"Chemistry and Biochemistry","Atmospheric and Oceanic Sciences BS"
"Chemistry and Biochemistry","Atmospheric and Oceanic Sciences/Mathematics BS"
"Chemistry and Biochemistry","Climate Science BS"
"Chemistry and Biochemistry","Atmospheric and Oceanic Sciences/Mathematics BS"
"Chemistry and Biochemistry","Biochemistry BS"
"Chemistry and Biochemistry","Biochemistry BS"
"Chemistry and Biochemistry","Chemistry BS"
"Chemistry and Biochemistry","Chemistry/Materials Science BS"
"Chemistry and Biochemistry","General Chemistry BS"
"Chemistry and Biochemistry","Bioengineering BS"
"Chemistry and Biochemistry","Biology BS"
"Chemistry and Biochemistry","Biophysics BS"
"Chemistry and Biochemistry","Chemical Engineering BS"
"Chemistry and Biochemistry","Biochemistry BS"
"Chemistry and Biochemistry","Chemistry BS"
"Chemistry and Biochemistry","Chemistry/Materials Science BS"
"Chemistry and Biochemistry","General Chemistry BS"
"Chemistry and Biochemistry","Chemistry/Materials Science BS"
"Chemistry and Biochemistry","Civil Engineering BS"
"Chemistry and Biochemistry","Climate Science BS"
"Chemistry and Biochemistry","Computational and Systems Biology BS"
"Chemistry and Biochemistry","Earth and Environmental Science BA"
"Chemistry and Biochemistry","Ecology, Behavior, and Evolution BS"
"Chemistry and Biochemistry","Electrical Engineering BS"
"Chemistry and Biochemistry","Electrical Engineering BS"
"Chemistry and Biochemistry","Engineering Geology BS"
"Chemistry and Biochemistry","General Chemistry BS"
"Chemistry and Biochemistry","Earth and Environmental Science BA"
"Chemistry and Biochemistry","Engineering Geology BS"
"Chemistry and Biochemistry","Geology BS"
"Chemistry and Biochemistry","Geology BS"
"Chemistry and Biochemistry","Earth and Environmental Science BA"
"Chemistry and Biochemistry","Engineering Geology BS"
"Chemistry and Biochemistry","Geology BS"
"Chemistry and Biochemistry","Aerospace Engineering BS"
"Chemistry and Biochemistry","Mechanical Engineering BS"
"Chemistry and Biochemistry","Marine Biology BS"
"Chemistry and Biochemistry","Materials Engineering BS"
"Chemistry and Biochemistry","Materials Engineering BS"
"Chemistry and Biochemistry","Applied Mathematics BS"
"Chemistry and Biochemistry","Mathematics BS"
"Chemistry and Biochemistry","Mathematics/Applied Science BS"
"Chemistry and Biochemistry","Mathematics for Teaching BS"
"Chemistry and Biochemistry","Mathematics of Computation BS"
"Chemistry and Biochemistry","Mathematics/Applied Science BS"
"Chemistry and Biochemistry","Mathematics for Teaching BS"
"Chemistry and Biochemistry","Mathematics of Computation BS"
"Chemistry and Biochemistry","Aerospace Engineering BS"
"Chemistry and Biochemistry","Mechanical Engineering BS"
"Chemistry and Biochemistry","Microbiology, Immunology, and Molecular Genetics BS"
"Chemistry and Biochemistry","Molecular, Cell, and Developmental Biology BS"
"Chemistry and Biochemistry","Neuroscience BS"
"Chemistry and Biochemistry","Nursing BS Prelicensure"
"Chemistry and Biochemistry","Nursing BS Prelicensure"
"Chemistry and Biochemistry","Astrophysics BS"
"Chemistry and Biochemistry","Biophysics BS"
"Chemistry and Biochemistry","Physics BA"
"Chemistry and Biochemistry","Physics BS"
"Chemistry and Biochemistry","Physiological Science BS"
"Chemistry and Biochemistry","Psychobiology BS"
"Chemistry and Biochemistry","Psychobiology BS"
"Chicana and Chicano Studies","African American Studies BA"
"Chicana and Chicano Studies","Applied Linguistics BA"
"Chicana and Chicano Studies","Chicana and Chicano Studies BA"
"Chicana and Chicano Studies","Global Studies BA"
"Chicana and Chicano Studies","Spanish and Community and Culture BA"
"Chicana and Chicano Studies","International Development Studies BA"
"Chicana and Chicano Studies","Applied Linguistics BA"
"Chicana and Chicano Studies","Spanish and Community and Culture BA"
"Chicana and Chicano Studies","Spanish and Community and Culture BA"
"Chicana and Chicano Studies","Spanish and Community and Culture BA"
"Civil and Environmental Engineering","Atmospheric and Oceanic Sciences BS"
"Civil and Environmental Engineering","Climate Science BS"
"Civil and Environmental Engineering","Bioengineering BS"
"Civil and Environmental Engineering","Chemical Engineering BS"
"Civil and Environmental Engineering","Civil Engineering BS"
"Civil and Environmental Engineering","Climate Science BS"
"Civil and Environmental Engineering","Computer Engineering BS"
"Civil and Environmental Engineering","Computer Engineering BS"
"Civil and Environmental Engineering","Computer Science BS"
"Civil and Environmental Engineering","Computer Science and Engineering BS"
"Civil and Environmental Engineering","Computer Engineering BS"
"Civil and Environmental Engineering","Engineering Geology BS"
"Civil and Environmental Engineering","Engineering Geology BS"
"Civil and Environmental Engineering","Engineering Geology BS"
"Civil and Environmental Engineering","Materials Engineering BS"
"Civil and Environmental Engineering","Materials Engineering BS"
"Classics","Classical Civilization BA"
"Classics","Greek BA"
"Classics","Greek and Latin BA"
"Classics","Latin BA"
"Classics","Classical Civilization BA"
"Classics","Greek BA"
"Classics","Greek and Latin BA"
"Classics","Italian and Special Fields BA"
"Classics","Italian and Special Fields BA"
"Classics","Latin BA"
"Classics","Linguistics BA"
"Classics","Study of Religion BA"
"Greek","Ancient Near East and Egyptology BA"
"Greek","Classical Civilization BA"
"Greek","Greek BA"
"Greek","Greek and Latin BA"
"Greek","Classical Civilization BA"
"Greek","Greek BA"
"Greek","Greek and Latin BA"
"Greek","Ancient Near East and Egyptology BA"
"Greek","Italian and Special Fields BA"
"Greek","Italian and Special Fields BA"
"Greek","Ancient Near East and Egyptology BA"
"Greek","Study of Religion BA"
"Latin","Classical Civilization BA"
"Latin","Greek and Latin BA"
"Latin","Latin BA"
"Latin","Classical Civilization BA"
"Latin","Greek and Latin BA"
"Latin","History BA"
"Latin","International Development Studies BA"
"Latin","Italian and Special Fields BA"
"Latin","Italian and Special Fields BA"
"Latin","Latin BA"
"Latin","Latin American Studies BA"
"Latin","Linguistics and Italian BA"
"Latin","Linguistics and Italian BA"
"Clusters","Asian Studies BA"
"Clusters","World Arts and Cultures BA"
"Clusters","Global Studies BA"
"Clusters","World Arts and Cultures BA"
"Communication","Applied Linguistics BA"
"Communication","Cognitive Science BS"
"Communication","Communication Studies BA"
"Communication","Applied Linguistics BA"
"Communication","Nursing BS Prelicensure"
"Communication","Nursing BS Prelicensure"
"Communication","Cognitive Science BS"
"Comparative Literature","African and Middle Eastern Studies BA"
"Comparative Literature","Arabic BA"
"Comparative Literature","Asian Studies BA"
"Comparative Literature","Comparative Literature BA"
"Comparative Literature","European Studies BA"
"Comparative Literature","Global Studies BA"
"Comparative Literature","Arabic BA"
"Comparative Literature","Latin American Studies BA"
"Comparative Literature","Arabic BA"
"Computational and Systems Biology","Computational and Systems Biology BS"
"Computational and Systems Biology","Psychobiology BS"
"Computational and Systems Biology","Psychobiology BS"
"Computer Science","Aerospace Engineering BS"
"Computer Science","Bioengineering BS"
"Computer Science","Civil Engineering BS"
"Computer Science","Cognitive Science BS"
"Computer Science","Computational and Systems Biology BS"
"Computer Science","Computer Engineering BS"
"Computer Science","Computer Engineering BS"
"Computer Science","Computer Science BS"
"Computer Science","Computer Science and Engineering BS"
"Computer Science","Computer Engineering BS"
"Computer Science","Electrical Engineering BS"
"Computer Science","Electrical Engineering BS"
"Computer Science","Linguistics and Computer Science BA"
"Computer Science","Linguistics and Computer Science BA"
"Computer Science","Aerospace Engineering BS"
"Computer Science","Mechanical Engineering BS"
"Computer Science","Materials Engineering BS"
"Computer Science","Materials Engineering BS"
"Computer Science","Mathematics/Applied Science BS"
"Computer Science","Mathematics/Applied Science BS"
"Computer Science","Aerospace Engineering BS"
"Computer Science","Mechanical Engineering BS"
"Computer Science","Microbiology, Immunology, and Molecular Genetics BS"
"Computer Science","Cognitive Science BS"
"Design | Media Arts","Design | Media Arts BA"
"Earth, Planetary, and Space Sciences","Atmospheric and Oceanic Sciences BS"
"Earth, Planetary, and Space Sciences","Civil Engineering BS"
"Earth, Planetary, and Space Sciences","Earth and Environmental Science BA"
"Earth, Planetary, and Space Sciences","Engineering Geology BS"
"Earth, Planetary, and Space Sciences","Environmental Science BS"
"Earth, Planetary, and Space Sciences","Environmental Science BS"
"Earth, Planetary, and Space Sciences","Environmental Science BS"
"Earth, Planetary, and Space Sciences","Earth and Environmental Science BA"
"Earth, Planetary, and Space Sciences","Engineering Geology BS"
"Earth, Planetary, and Space Sciences","Geology BS"
"Earth, Planetary, and Space Sciences","Geophysics BS"
"Earth, Planetary, and Space Sciences","Geology BS"
"Earth, Planetary, and Space Sciences","Geophysics BS"
"Earth, Planetary, and Space Sciences","Earth and Environmental Science BA"
"Earth, Planetary, and Space Sciences","Engineering Geology BS"
"Earth, Planetary, and Space Sciences","Geology BS"
"Earth, Planetary, and Space Sciences","Geophysics BS"
"Earth, Planetary, and Space Sciences","Marine Biology BS"
"Ecology and Evolutionary Biology","Environmental Science BS"
"Ecology and Evolutionary Biology","Environmental Science BS"
"Ecology and Evolutionary Biology","Environmental Science BS"
"Ecology and Evolutionary Biology","Mathematics/Applied Science BS"
"Ecology and Evolutionary Biology","Mathematics/Applied Science BS"
"Ecology and Evolutionary Biology","Microbiology, Immunology, and Molecular Genetics BS"
"Ecology and Evolutionary Biology","Psychobiology BS"
"Ecology and Evolutionary Biology","Psychobiology BS"
"Economics","African and Middle Eastern Studies BA"
"Economics","Business Economics BA"
"Economics","Economics BA"
"Economics","Asian Studies BA"
"Economics","Business Economics BA"
"Economics","Communication Studies BA"
"Economics","Economics BA"
"Economics","European Studies BA"
"Economics","Financial Actuarial Mathematics BS"
"Economics","Global Studies BA"
"Economics","International Development Studies BA"
"Economics","Middle Eastern Studies BA"
"Economics","Latin American Studies BA"
"Economics","Financial Actuarial Mathematics BS"
"Economics","Mathematics BS"
"Economics","Mathematics/Economics BS"
"Economics","Middle Eastern Studies BA"
"Economics","Middle Eastern Studies BA"
"Education","International Development Studies BA"
"Electrical and Computer Engineering","Aerospace Engineering BS"
"Electrical and Computer Engineering","Computational and Systems Biology BS"
"Electrical and Computer Engineering","Computer Engineering BS"
"Electrical and Computer Engineering","Computer Engineering BS"
"Electrical and Computer Engineering","Computer Science BS"
"Electrical and Computer Engineering","Computer Science and Engineering BS"
"Electrical and Computer Engineering","Computer Engineering BS"
"Electrical and Computer Engineering","Electrical Engineering BS"
"Electrical and Computer Engineering","Electrical Engineering BS"
"Electrical and Computer Engineering","Aerospace Engineering BS"
"Electrical and Computer Engineering","Mechanical Engineering BS"
"Electrical and Computer Engineering","Materials Engineering BS"
"Electrical and Computer Engineering","Materials Engineering BS"
"Electrical and Computer Engineering","Aerospace Engineering BS"
"Electrical and Computer Engineering","Mechanical Engineering BS"
"Engineering","Aerospace Engineering BS"
"Engineering","Atmospheric and Oceanic Sciences BS"
"Engineering","Climate Science BS"
"Engineering","Chemistry/Materials Science BS"
"Engineering","Bioengineering BS"
"Engineering","Chemical Engineering BS"
"Engineering","Chemistry/Materials Science BS"
"Engineering","Chemistry/Materials Science BS"
"Engineering","Civil Engineering BS"
"Engineering","Climate Science BS"
"Engineering","Computational and Systems Biology BS"
"Engineering","Computer Engineering BS"
"Engineering","Computer Engineering BS"
"Engineering","Computer Science BS"
"Engineering","Computer Science and Engineering BS"
"Engineering","Computer Engineering BS"
"Engineering","Electrical Engineering BS"
"Engineering","Electrical Engineering BS"
"Engineering","Engineering Geology BS"
"Engineering","Environmental Science BS"
"Engineering","Environmental Science BS"
"Engineering","Environmental Science BS"
"Engineering","Engineering Geology BS"
"Engineering","Engineering Geology BS"
"Engineering","Aerospace Engineering BS"
"Engineering","Mechanical Engineering BS"
"Engineering","Materials Engineering BS"
"Engineering","Materials Engineering BS"
"Engineering","Aerospace Engineering BS"
"Engineering","Mechanical Engineering BS"
"English","American Literature and Culture BA"
"English","Ancient Near East and Egyptology BA"
"English","Business Economics BA"
"English","Economics BA"
"English","Business Economics BA"
"English","Comparative Literature BA"
"English","Economics BA"
"English","English BA"
"English","European Studies BA"
"English","Global Studies BA"
"English","Ancient Near East and Egyptology BA"
"English","Jewish Studies BA"
"English","Italian and Special Fields BA"
"English","Italian and Special Fields BA"
"English","Jewish Studies BA"
"English","Linguistics BA"
"English","Linguistics and English BA"
"English","Linguistics and English BA"
"English","Ancient Near East and Egyptology BA"
"English","Jewish Studies BA"
"English","Study of Religion BA"
"Environment","Atmospheric and Oceanic Sciences BS"
"Environment","Climate Science BS"
"Environment","Bioengineering BS"
"Environment","Chemical Engineering BS"
"Environment","Civil Engineering BS"
"Environment","Climate Science BS"
"Environment","Computer Engineering BS"
"Environment","Computer Engineering BS"
"Environment","Computer Science BS"
"Environment","Computer Science and Engineering BS"
"Environment","Computer Engineering BS"
"Environment","Engineering Geology BS"
"Environment","Environmental Science BS"
"Environment","Environmental Science BS"
"Environment","Environmental Science BS"
"Environment","Engineering Geology BS"
"Environment","Engineering Geology BS"
"Environment","Global Studies BA"
"Environment","International Development Studies BA"
"Environment","Materials Engineering BS"
"Environment","Materials Engineering BS"
"Environmental Health Sciences","Environmental Science BS"
"Environmental Health Sciences","Environmental Science BS"
"Environmental Health Sciences","Environmental Science BS"
"Epidemiology","Microbiology, Immunology, and Molecular Genetics BS"
"Ethnomusicology","African and Middle Eastern Studies BA"
"Ethnomusicology","Asian Studies BA"
"Ethnomusicology","Ethnomusicology BA"
"Ethnomusicology","European Studies BA"
"Ethnomusicology","Global Jazz Studies BA"
"Ethnomusicology","Global Studies BA"
"Ethnomusicology","Middle Eastern Studies BA"
"Ethnomusicology","Latin American Studies BA"
"Ethnomusicology","Middle Eastern Studies BA"
"Ethnomusicology","Musicology BA"
"Ethnomusicology","Middle Eastern Studies BA"
"Film and Television","Film and Television BA"
"Film and Television","Global Studies BA"
"Film and Television","Italian and Special Fields BA"
"Film and Television","Italian and Special Fields BA"
"French","Applied Linguistics BA"
"French","European Studies BA"
"French","French BA"
"French","French BA"
"French","French and Linguistics BA"
"French","French and Linguistics BA"
"French","Global Studies BA"
"French","Middle Eastern Studies BA"
"French","Italian and Special Fields BA"
"French","Italian and Special Fields BA"
"French","Applied Linguistics BA"
"French","Linguistics and French BA"
"French","Linguistics and French BA"
"French","Middle Eastern Studies BA"
"French","Music Education BA"
"French","Music Education BA"
"French","Middle Eastern Studies BA"
"Gender Studies","African American Studies BA"
"Gender Studies","American Indian Studies BA"
"Gender Studies","Gender Studies BA"
"Gender Studies","Global Studies BA"
"Gender Studies","International Development Studies BA"
"Gender Studies","Italian and Special Fields BA"
"Gender Studies","Italian and Special Fields BA"
"Geography","African and Middle Eastern Studies BA"
"Geography","Asian Studies BA"
"Geography","Earth and Environmental Science BA"
"Geography","Environmental Science BS"
"Geography","Environmental Science BS"
"Geography","Environmental Science BS"
"Geography","European Studies BA"
"Geography","Earth and Environmental Science BA"
"Geography","Earth and Environmental Science BA"
"Geography","Geography BA"
"Geography","Geography/Environmental Studies BA"
"Geography","Geography/Environmental Studies BA"
"Geography","Global Studies BA"
"Geography","International Development Studies BA"
"Geography","Latin American Studies BA"
"Afrikaans","African and Middle Eastern Studies BA"
"Dutch","European Studies BA"
"German","Applied Linguistics BA"
"German","European Studies BA"
"German","German BA"
"German","German BA"
"German","Jewish Studies BA"
"German","Jewish Studies BA"
"German","Applied Linguistics BA"
"German","Linguistics and Anthropology BA"
"German","Linguistics and Anthropology BA"
"German","Music Education BA"
"German","Music Education BA"
"German","Jewish Studies BA"
"Yiddish","European Studies BA"
"Yiddish","Jewish Studies BA"
"Yiddish","Jewish Studies BA"
"Yiddish","Jewish Studies BA"
"Global Jazz Studies","Global Jazz Studies BA"
"Global Studies","Global Studies BA"
"Global Studies","International Development Studies BA"
"History","African and Middle Eastern Studies BA"
"History","Arabic BA"
"History","Art BA"
"History","Art History BA"
"History","Asian Studies BA"
"History","Central and East European Languages and Cultures BA"
"History","Greek BA"
"History","Greek and Latin BA"
"History","Latin BA"
"History","European Studies BA"
"History","Global Studies BA"
"History","Greek BA"
"History","Greek and Latin BA"
"History","History BA"
"History","International Development Studies BA"
"History","Iranian Studies BA"
"History","Arabic BA"
"History","Iranian Studies BA"
"History","Jewish Studies BA"
"History","Middle Eastern Studies BA"
"History","Italian and Special Fields BA"
"History","Italian and Special Fields BA"
"History","Jewish Studies BA"
"History","Latin BA"
"History","Latin American Studies BA"
"History","Mathematics/Applied Science BS"
"History","Mathematics/Applied Science BS"
"History","Middle Eastern Studies BA"
"History","Arabic BA"
"History","Iranian Studies BA"
"History","Jewish Studies BA"
"History","Middle Eastern Studies BA"
"History","Russian Studies BA"
"History","Central and East European Languages and Cultures BA"
"History","Russian Studies BA"
"History","Study of Religion BA"
"Honors Collegium","Global Studies BA"
"Honors Collegium","Mathematics/Applied Science BS"
"Honors Collegium","Mathematics/Applied Science BS"
"Human Genetics","Microbiology, Immunology, and Molecular Genetics BS"
"Physiological Science","Mathematics/Applied Science BS"
"Physiological Science","Mathematics/Applied Science BS"
"Physiological Science","Microbiology, Immunology, and Molecular Genetics BS"
"Physiological Science","Neuroscience BS"
"Physiological Science","Physiological Science BS"
"Physiological Science","Psychobiology BS"
"Physiological Science","Psychobiology BS"
"International and Area Studies","African and Middle Eastern Studies BA"
"International and Area Studies","Asian Studies BA"
"International and Area Studies","European Studies BA"
"International and Area Studies","Global Studies BA"
"International and Area Studies","International Development Studies BA"
"International and Area Studies","Latin American Studies BA"
"International Development Studies","Global Studies BA"
"International Development Studies","International Development Studies BA"
"Italian","European Studies BA"
"Italian","Global Studies BA"
"Italian","Italian BA"
"Italian","Italian and Special Fields BA"
"Italian","Italian and Special Fields BA"
"Italian","Linguistics and Italian BA"
"Italian","Linguistics and Italian BA"
"Italian","Music Education BA"
"Italian","Music Education BA"
"Life Sciences","Anthropology BS"
"Life Sciences","Biophysics BS"
"Life Sciences","Biology BS"
"Life Sciences","Biophysics BS"
"Life Sciences","Civil Engineering BS"
"Life Sciences","Computational and Systems Biology BS"
"Life Sciences","Earth and Environmental Science BA"
"Life Sciences","Ecology, Behavior, and Evolution BS"
"Life Sciences","Environmental Science BS"
"Life Sciences","Environmental Science BS"
"Life Sciences","Environmental Science BS"
"Life Sciences","Earth and Environmental Science BA"
"Life Sciences","Geology BS"
"Life Sciences","Geology BS"
"Life Sciences","Earth and Environmental Science BA"
"Life Sciences","Geology BS"
"Life Sciences","Human Biology and Society BS"
"Life Sciences","Marine Biology BS"
"Life Sciences","Mathematics BS"
"Life Sciences","Mathematics/Applied Science BS"
"Life Sciences","Mathematics/Applied Science BS"
"Life Sciences","Microbiology, Immunology, and Molecular Genetics BS"
"Life Sciences","Molecular, Cell, and Developmental Biology BS"
"Life Sciences","Neuroscience BS"
"Life Sciences","Nursing BS Prelicensure"
"Life Sciences","Nursing BS Prelicensure"
"Life Sciences","Biophysics BS"
"Life Sciences","Physiological Science BS"
"Life Sciences","Psychobiology BS"
"Life Sciences","Psychobiology BS"
"Linguistics","Applied Linguistics BA"
"Linguistics","Asian Languages and Linguistics BA"
"Linguistics","Asian Languages and Linguistics BA"
"Linguistics","Cognitive Science BS"
"Linguistics","Communication Studies BA"
"Linguistics","French and Linguistics BA"
"Linguistics","French and Linguistics BA"
"Linguistics","Spanish and Linguistics BA"
"Linguistics","Italian and Special Fields BA"
"Linguistics","Italian and Special Fields BA"
"Linguistics","Applied Linguistics BA"
"Linguistics","Linguistics BA"
"Linguistics","Linguistics and Anthropology BA"
"Linguistics","Linguistics and Asian Languages and Cultures BA"
"Linguistics","Linguistics and Computer Science BA"
"Linguistics","Linguistics and English BA"
"Linguistics","Linguistics and French BA"
"Linguistics","Linguistics and Italian BA"
"Linguistics","Linguistics and Philosophy BA"
"Linguistics","Linguistics and Psychology BA"
"Linguistics","Linguistics and Scandinavian Languages BA"
"Linguistics","Linguistics and Spanish BA"
"Linguistics","Linguistics and Anthropology BA"
"Linguistics","Linguistics and Asian Languages and Cultures BA"
"Linguistics","Linguistics and Computer Science BA"
"Linguistics","Linguistics and English BA"
"Linguistics","Linguistics and French BA"
"Linguistics","Linguistics and Italian BA"
"Linguistics","Linguistics and Philosophy BA"
"Linguistics","Linguistics and Psychology BA"
"Linguistics","Linguistics and Scandinavian Languages BA"
"Linguistics","Linguistics and Spanish BA"
"Linguistics","Spanish and Linguistics BA"
"Linguistics","Cognitive Science BS"
"Linguistics","Spanish and Linguistics BA"
"Linguistics","Spanish and Linguistics BA"
"Linguistics","Asian Languages and Linguistics BA"
"Management","Business Economics BA"
"Management","Economics BA"
"Management","Business Economics BA"
"Management","Economics BA"
"Management","Financial Actuarial Mathematics BS"
"Management","Financial Actuarial Mathematics BS"
"Management","Musicology BA"
"Materials Science and Engineering","Aerospace Engineering BS"
"Materials Science and Engineering","Chemistry/Materials Science BS"
"Materials Science and Engineering","Chemical Engineering BS"
"Materials Science and Engineering","Chemistry/Materials Science BS"
"Materials Science and Engineering","Chemistry/Materials Science BS"
"Materials Science and Engineering","Civil Engineering BS"
"Materials Science and Engineering","Aerospace Engineering BS"
"Materials Science and Engineering","Mechanical Engineering BS"
"Materials Science and Engineering","Materials Engineering BS"
"Materials Science and Engineering","Materials Engineering BS"
"Materials Science and Engineering","Aerospace Engineering BS"
"Materials Science and Engineering","Mechanical Engineering BS"
"Mathematics","Aerospace Engineering BS"
"Mathematics","Anthropology BS"
"Mathematics","Business Economics BA"
"Mathematics","Economics BA"
"Mathematics","Applied Mathematics BS"
"Mathematics","Statistics BS"
"Mathematics","Astrophysics BS"
"Mathematics","Biophysics BS"
"Mathematics","Physics BA"
"Mathematics","Physics BS"
"Mathematics","Astrophysics BS"
"Mathematics","Atmospheric and Oceanic Sciences BS"
"Mathematics","Atmospheric and Oceanic Sciences/Mathematics BS"
"Mathematics","Climate Science BS"
"Mathematics","Atmospheric and Oceanic Sciences/Mathematics BS"
"Mathematics","Biochemistry BS"
"Mathematics","Biochemistry BS"
"Mathematics","Chemistry BS"
"Mathematics","Chemistry/Materials Science BS"
"Mathematics","General Chemistry BS"
"Mathematics","Bioengineering BS"
"Mathematics","Biology BS"
"Mathematics","Biophysics BS"
"Mathematics","Business Economics BA"
"Mathematics","Chemical Engineering BS"
"Mathematics","Biochemistry BS"
"Mathematics","Chemistry BS"
"Mathematics","Chemistry/Materials Science BS"
"Mathematics","General Chemistry BS"
"Mathematics","Chemistry/Materials Science BS"
"Mathematics","Civil Engineering BS"
"Mathematics","Climate Science BS"
"Mathematics","Cognitive Science BS"
"Mathematics","Computational and Systems Biology BS"
"Mathematics","Computer Engineering BS"
"Mathematics","Computer Engineering BS"
"Mathematics","Computer Science BS"
"Mathematics","Computer Science and Engineering BS"
"Mathematics","Earth and Environmental Science BA"
"Mathematics","Ecology, Behavior, and Evolution BS"
"Mathematics","Economics BA"
"Mathematics","Computer Engineering BS"
"Mathematics","Electrical Engineering BS"
"Mathematics","Electrical Engineering BS"
"Mathematics","Engineering Geology BS"
"Mathematics","Environmental Science BS"
"Mathematics","Environmental Science BS"
"Mathematics","Environmental Science BS"
"Mathematics","Financial Actuarial Mathematics BS"
"Mathematics","General Chemistry BS"
"Mathematics","Earth and Environmental Science BA"
"Mathematics","Engineering Geology BS"
"Mathematics","Geology BS"
"Mathematics","Geophysics BS"
"Mathematics","Geology BS"
"Mathematics","Geophysics BS"
"Mathematics","Earth and Environmental Science BA"
"Mathematics","Engineering Geology BS"
"Mathematics","Geology BS"
"Mathematics","Geophysics BS"
"Mathematics","Linguistics and Computer Science BA"
"Mathematics","Linguistics and Computer Science BA"
"Mathematics","Aerospace Engineering BS"
"Mathematics","Mechanical Engineering BS"
"Mathematics","Marine Biology BS"
"Mathematics","Materials Engineering BS"
"Mathematics","Materials Engineering BS"
"Mathematics","Applied Mathematics BS"
"Mathematics","Financial Actuarial Mathematics BS"
"Mathematics","Mathematics BS"
"Mathematics","Mathematics/Applied Science BS"
"Mathematics","Mathematics for Teaching BS"
"Mathematics","Mathematics of Computation BS"
"Mathematics","Mathematics/Applied Science BS"
"Mathematics","Mathematics for Teaching BS"
"Mathematics","Mathematics of Computation BS"
"Mathematics","Mathematics/Economics BS"
"Mathematics","Aerospace Engineering BS"
"Mathematics","Mechanical Engineering BS"
"Mathematics","Microbiology, Immunology, and Molecular Genetics BS"
"Mathematics","Molecular, Cell, and Developmental Biology BS"
"Mathematics","Neuroscience BS"
"Mathematics","Nursing BS Prelicensure"
"Mathematics","Nursing BS Prelicensure"
"Mathematics","Astrophysics BS"
"Mathematics","Biophysics BS"
"Mathematics","Physics BA"
"Mathematics","Physics BS"
"Mathematics","Physiological Science BS"
"Mathematics","Psychobiology BS"
"Mathematics","Cognitive Science BS"
"Mathematics","Psychobiology BS"
"Mathematics","Statistics BS"
"Program in Computing","Applied Mathematics BS"
"Program in Computing","Astrophysics BS"
"Program in Computing","Astrophysics BS"
"Program in Computing","Atmospheric and Oceanic Sciences BS"
"Program in Computing","Atmospheric and Oceanic Sciences/Mathematics BS"
"Program in Computing","Climate Science BS"
"Program in Computing","Atmospheric and Oceanic Sciences/Mathematics BS"
"Program in Computing","Climate Science BS"
"Program in Computing","Computational and Systems Biology BS"
"Program in Computing","Financial Actuarial Mathematics BS"
"Program in Computing","Linguistics and Psychology BA"
"Program in Computing","Linguistics and Psychology BA"
"Program in Computing","Applied Mathematics BS"
"Program in Computing","Financial Actuarial Mathematics BS"
"Program in Computing","Mathematics BS"
"Program in Computing","Mathematics/Applied Science BS"
"Program in Computing","Mathematics for Teaching BS"
"Program in Computing","Mathematics of Computation BS"
"Program in Computing","Mathematics/Applied Science BS"
"Program in Computing","Mathematics for Teaching BS"
"Program in Computing","Mathematics of Computation BS"
"Program in Computing","Mathematics/Economics BS"
"Program in Computing","Astrophysics BS"
"Mechanical and Aerospace Engineering","Aerospace Engineering BS"
"Mechanical and Aerospace Engineering","Bioengineering BS"
"Mechanical and Aerospace Engineering","Chemical Engineering BS"
"Mechanical and Aerospace Engineering","Civil Engineering BS"
"Mechanical and Aerospace Engineering","Aerospace Engineering BS"
"Mechanical and Aerospace Engineering","Mechanical Engineering BS"
"Mechanical and Aerospace Engineering","Materials Engineering BS"
"Mechanical and Aerospace Engineering","Materials Engineering BS"
"Mechanical and Aerospace Engineering","Aerospace Engineering BS"
"Mechanical and Aerospace Engineering","Mechanical Engineering BS"
"Microbiology, Immunology, and Molecular Genetics","Biochemistry BS"
"Microbiology, Immunology, and Molecular Genetics","Biochemistry BS"
"Microbiology, Immunology, and Molecular Genetics","Biochemistry BS"
"Microbiology, Immunology, and Molecular Genetics","Civil Engineering BS"
"Microbiology, Immunology, and Molecular Genetics","Microbiology, Immunology, and Molecular Genetics BS"
"Microbiology, Immunology, and Molecular Genetics","Molecular, Cell, and Developmental Biology BS"
"Microbiology, Immunology, and Molecular Genetics","Nursing BS Prelicensure"
"Microbiology, Immunology, and Molecular Genetics","Nursing BS Prelicensure"
"Microbiology, Immunology, and Molecular Genetics","Psychobiology BS"
"Microbiology, Immunology, and Molecular Genetics","Psychobiology BS"
"Molecular, Cell, and Developmental Biology","Biophysics BS"
"Molecular, Cell, and Developmental Biology","Biophysics BS"
"Molecular, Cell, and Developmental Biology","Microbiology, Immunology, and Molecular Genetics BS"
"Molecular, Cell, and Developmental Biology","Molecular, Cell, and Developmental Biology BS"
"Molecular, Cell, and Developmental Biology","Biophysics BS"
"Molecular, Cell, and Developmental Biology","Psychobiology BS"
"Molecular, Cell, and Developmental Biology","Psychobiology BS"
"Music","Cognitive Science BS"
"Music","Ethnomusicology BA"
"Music","Global Jazz Studies BA"
"Music","Italian and Special Fields BA"
"Music","Italian and Special Fields BA"
"Music","Music BA"
"Music","Music Education BA"
"Music","Music Education BA"
"Music","Musicology BA"
"Music","Cognitive Science BS"
"Music Industry","Cognitive Science BS"
"Music Industry","Musicology BA"
"Music Industry","Cognitive Science BS"
"Musicology","Italian and Special Fields BA"
"Musicology","Italian and Special Fields BA"
"Musicology","Musicology BA"
"Ancient Near East","Ancient Near East and Egyptology BA"
"Ancient Near East","Iranian Studies BA"
"Ancient Near East","Ancient Near East and Egyptology BA"
"Ancient Near East","Iranian Studies BA"
"Ancient Near East","Jewish Studies BA"
"Ancient Near East","Middle Eastern Studies BA"
"Ancient Near East","Jewish Studies BA"
"Ancient Near East","Middle Eastern Studies BA"
"Ancient Near East","Ancient Near East and Egyptology BA"
"Ancient Near East","Iranian Studies BA"
"Ancient Near East","Jewish Studies BA"
"Ancient Near East","Middle Eastern Studies BA"
"Ancient Near East","Study of Religion BA"
"Arabic","African and Middle Eastern Studies BA"
"Arabic","Applied Linguistics BA"
"Arabic","Arabic BA"
"Arabic","Arabic BA"
"Arabic","Jewish Studies BA"
"Arabic","Middle Eastern Studies BA"
"Arabic","Jewish Studies BA"
"Arabic","Applied Linguistics BA"
"Arabic","Middle Eastern Studies BA"
"Arabic","Arabic BA"
"Arabic","Jewish Studies BA"
"Arabic","Middle Eastern Studies BA"
"Arabic","Study of Religion BA"
"Armenian","African and Middle Eastern Studies BA"
"Armenian","Applied Linguistics BA"
"Armenian","Jewish Studies BA"
"Armenian","Middle Eastern Studies BA"
"Armenian","Jewish Studies BA"
"Armenian","Applied Linguistics BA"
"Armenian","Middle Eastern Studies BA"
"Armenian","Jewish Studies BA"
"Armenian","Middle Eastern Studies BA"
"Hebrew","African and Middle Eastern Studies BA"
"Hebrew","Ancient Near East and Egyptology BA"
"Hebrew","Applied Linguistics BA"
"Hebrew","Ancient Near East and Egyptology BA"
"Hebrew","Jewish Studies BA"
"Hebrew","Middle Eastern Studies BA"
"Hebrew","Jewish Studies BA"
"Hebrew","Applied Linguistics BA"
"Hebrew","Middle Eastern Studies BA"
"Hebrew","Ancient Near East and Egyptology BA"
"Hebrew","Jewish Studies BA"
"Hebrew","Middle Eastern Studies BA"
"Hebrew","Study of Religion BA"
"Iranian","African and Middle Eastern Studies BA"
"Iranian","Applied Linguistics BA"
"Iranian","Iranian Studies BA"
"Iranian","Iranian Studies BA"
"Iranian","Jewish Studies BA"
"Iranian","Middle Eastern Studies BA"
"Iranian","Jewish Studies BA"
"Iranian","Applied Linguistics BA"
"Iranian","Middle Eastern Studies BA"
"Iranian","Iranian Studies BA"
"Iranian","Jewish Studies BA"
"Iranian","Middle Eastern Studies BA"
"Iranian","Study of Religion BA"
"Islamic Studies","Arabic BA"
"Islamic Studies","Arabic BA"
"Islamic Studies","Arabic BA"
"Jewish Studies","Jewish Studies BA"
"Jewish Studies","Jewish Studies BA"
"Jewish Studies","Jewish Studies BA"
"Jewish Studies","Study of Religion BA"
"Middle Eastern Studies","African and Middle Eastern Studies BA"
"Middle Eastern Studies","Ancient Near East and Egyptology BA"
"Middle Eastern Studies","Arabic BA"
"Middle Eastern Studies","Global Studies BA"
"Middle Eastern Studies","Ancient Near East and Egyptology BA"
"Middle Eastern Studies","Arabic BA"
"Middle Eastern Studies","Jewish Studies BA"
"Middle Eastern Studies","Middle Eastern Studies BA"
"Middle Eastern Studies","Jewish Studies BA"
"Middle Eastern Studies","Middle Eastern Studies BA"
"Middle Eastern Studies","Ancient Near East and Egyptology BA"
"Middle Eastern Studies","Arabic BA"
"Middle Eastern Studies","Jewish Studies BA"
"Middle Eastern Studies","Middle Eastern Studies BA"
"Near Eastern Languages","Ancient Near East and Egyptology BA"
"Near Eastern Languages","Ancient Near East and Egyptology BA"
"Near Eastern Languages","Ancient Near East and Egyptology BA"
"Semitics","Ancient Near East and Egyptology BA"
"Semitics","Ancient Near East and Egyptology BA"
"Semitics","Jewish Studies BA"
"Semitics","Jewish Studies BA"
"Semitics","Ancient Near East and Egyptology BA"
"Semitics","Jewish Studies BA"
"Turkic Languages","African and Middle Eastern Studies BA"
"Nursing","Nursing BS Prelicensure"
"Nursing","Nursing BS Prelicensure"
"Philosophy","Cognitive Science BS"
"Philosophy","Communication Studies BA"
"Philosophy","Environmental Science BS"
"Philosophy","Environmental Science BS"
"Philosophy","Environmental Science BS"
"Philosophy","Middle Eastern Studies BA"
"Philosophy","Italian and Special Fields BA"
"Philosophy","Italian and Special Fields BA"
"Philosophy","Linguistics BA"
"Philosophy","Linguistics and Computer Science BA"
"Philosophy","Linguistics and English BA"
"Philosophy","Linguistics and Philosophy BA"
"Philosophy","Linguistics and Computer Science BA"
"Philosophy","Linguistics and English BA"
"Philosophy","Linguistics and Philosophy BA"
"Philosophy","Mathematics BS"
"Philosophy","Mathematics/Applied Science BS"
"Philosophy","Mathematics/Applied Science BS"
"Philosophy","Middle Eastern Studies BA"
"Philosophy","Middle Eastern Studies BA"
"Philosophy","Philosophy BA"
"Philosophy","Cognitive Science BS"
"Philosophy","Study of Religion BA"
"Astronomy","Astrophysics BS"
"Astronomy","Physics BA"
"Astronomy","Physics BS"
"Astronomy","Astrophysics BS"
"Astronomy","Astrophysics BS"
"Astronomy","Physics BA"
"Astronomy","Physics BS"
"Physics","Aerospace Engineering BS"
"Physics","Anthropology BS"
"Physics","Applied Mathematics BS"
"Physics","Astrophysics BS"
"Physics","Biophysics BS"
"Physics","Physics BA"
"Physics","Physics BS"
"Physics","Astrophysics BS"
"Physics","Atmospheric and Oceanic Sciences BS"
"Physics","Atmospheric and Oceanic Sciences/Mathematics BS"
"Physics","Climate Science BS"
"Physics","Atmospheric and Oceanic Sciences/Mathematics BS"
"Physics","Biochemistry BS"
"Physics","Biochemistry BS"
"Physics","Chemistry BS"
"Physics","Chemistry/Materials Science BS"
"Physics","General Chemistry BS"
"Physics","Bioengineering BS"
"Physics","Biology BS"
"Physics","Biophysics BS"
"Physics","Chemical Engineering BS"
"Physics","Biochemistry BS"
"Physics","Chemistry BS"
"Physics","Chemistry/Materials Science BS"
"Physics","General Chemistry BS"
"Physics","Chemistry/Materials Science BS"
"Physics","Civil Engineering BS"
"Physics","Climate Science BS"
"Physics","Computational and Systems Biology BS"
"Physics","Computer Engineering BS"
"Physics","Computer Engineering BS"
"Physics","Computer Science BS"
"Physics","Computer Science and Engineering BS"
"Physics","Earth and Environmental Science BA"
"Physics","Ecology, Behavior, and Evolution BS"
"Physics","Computer Engineering BS"
"Physics","Electrical Engineering BS"
"Physics","Electrical Engineering BS"
"Physics","Engineering Geology BS"
"Physics","Environmental Science BS"
"Physics","Environmental Science BS"
"Physics","Environmental Science BS"
"Physics","General Chemistry BS"
"Physics","Earth and Environmental Science BA"
"Physics","Engineering Geology BS"
"Physics","Geology BS"
"Physics","Geophysics BS"
"Physics","Geology BS"
"Physics","Geophysics BS"
"Physics","Earth and Environmental Science BA"
"Physics","Engineering Geology BS"
"Physics","Geology BS"
"Physics","Geophysics BS"
"Physics","Aerospace Engineering BS"
"Physics","Mechanical Engineering BS"
"Physics","Marine Biology BS"
"Physics","Materials Engineering BS"
"Physics","Materials Engineering BS"
"Physics","Applied Mathematics BS"
"Physics","Mathematics BS"
"Physics","Mathematics/Applied Science BS"
"Physics","Mathematics for Teaching BS"
"Physics","Mathematics of Computation BS"
"Physics","Mathematics/Applied Science BS"
"Physics","Mathematics for Teaching BS"
"Physics","Mathematics of Computation BS"
"Physics","Aerospace Engineering BS"
"Physics","Mechanical Engineering BS"
"Physics","Microbiology, Immunology, and Molecular Genetics BS"
"Physics","Molecular, Cell, and Developmental Biology BS"
"Physics","Neuroscience BS"
"Physics","Astrophysics BS"
"Physics","Biophysics BS"
"Physics","Physics BA"
"Physics","Physics BS"
"Physics","Physiological Science BS"
"Physics","Psychobiology BS"
"Physics","Psychobiology BS"
"Political Science","African and Middle Eastern Studies BA"
"Political Science","American Indian Studies BA"
"Political Science","Arabic BA"
"Political Science","Asian Studies BA"
"Political Science","Communication Studies BA"
"Political Science","European Studies BA"
"Political Science","Global Studies BA"
"Political Science","International Development Studies BA"
"Political Science","Iranian Studies BA"
"Political Science","Arabic BA"
"Political Science","Iranian Studies BA"
"Political Science","Jewish Studies BA"
"Political Science","Middle Eastern Studies BA"
"Political Science","Italian and Special Fields BA"
"Political Science","Italian and Special Fields BA"
"Political Science","Jewish Studies BA"
"Political Science","Latin American Studies BA"
"Political Science","Middle Eastern Studies BA"
"Political Science","Arabic BA"
"Political Science","Iranian Studies BA"
"Political Science","Jewish Studies BA"
"Political Science","Middle Eastern Studies BA"
"Political Science","Political Science BA"
"Political Science","Russian Studies BA"
"Political Science","Russian Studies BA"
"Political Science","Sociology BA"
"Psychology","Applied Linguistics BA"
"Psychology","Cognitive Science BS"
"Psychology","Communication Studies BA"
"Psychology","Applied Linguistics BA"
"Psychology","Linguistics BA"
"Psychology","Linguistics and Psychology BA"
"Psychology","Linguistics and Psychology BA"
"Psychology","Neuroscience BS"
"Psychology","Nursing BS Prelicensure"
"Psychology","Nursing BS Prelicensure"
"Psychology","Psychobiology BS"
"Psychology","Cognitive Science BS"
"Psychology","Psychobiology BS"
"Psychology","Psychology BA"
"Public Affairs","Public Affairs BA"
"Public Policy","Environmental Science BS"
"Public Policy","Environmental Science BS"
"Public Policy","Environmental Science BS"
"Study of Religion","Ancient Near East and Egyptology BA"
"Study of Religion","Ancient Near East and Egyptology BA"
"Study of Religion","Jewish Studies BA"
"Study of Religion","Middle Eastern Studies BA"
"Study of Religion","Jewish Studies BA"
"Study of Religion","Middle Eastern Studies BA"
"Study of Religion","Ancient Near East and Egyptology BA"
"Study of Religion","Jewish Studies BA"
"Study of Religion","Middle Eastern Studies BA"
"Study of Religion","Study of Religion BA"
"Scandinavian","European Studies BA"
"Scandinavian","Linguistics and Scandinavian Languages BA"
"Scandinavian","Linguistics and Scandinavian Languages BA"
"Scandinavian","Nordic Studies BA"
"Scandinavian","Nordic Studies BA"
"Scandinavian","Scandinavian Languages and Cultures BA"
"Scandinavian","Scandinavian Languages and Cultures BA"
"Central and East European Studies","Central and East European Languages and Cultures BA"
"Central and East European Studies","European Studies BA"
"Central and East European Studies","Central and East European Languages and Cultures BA"
"Czech","Central and East European Languages and Cultures BA"
"Czech","European Studies BA"
"Czech","Central and East European Languages and Cultures BA"
"Hungarian","Central and East European Languages and Cultures BA"
"Hungarian","European Studies BA"
"Hungarian","Central and East European Languages and Cultures BA"
"Polish","Central and East European Languages and Cultures BA"
"Polish","European Studies BA"
"Polish","Central and East European Languages and Cultures BA"
"Romanian","Central and East European Languages and Cultures BA"
"Romanian","European Studies BA"
"Romanian","Central and East European Languages and Cultures BA"
"Russian","Central and East European Languages and Cultures BA"
"Russian","European Studies BA"
"Russian","Global Studies BA"
"Russian","Russian Language and Literature BA"
"Russian","Russian Studies BA"
"Russian","Central and East European Languages and Cultures BA"
"Russian","Russian Language and Literature BA"
"Russian","Russian Studies BA"
"Serbian/Croatian","Central and East European Languages and Cultures BA"
"Serbian/Croatian","European Studies BA"
"Serbian/Croatian","Central and East European Languages and Cultures BA"
"Slavic","Applied Linguistics BA"
"Slavic","Central and East European Languages and Cultures BA"
"Slavic","European Studies BA"
"Slavic","Applied Linguistics BA"
"Slavic","Linguistics and Anthropology BA"
"Slavic","Linguistics and Anthropology BA"
"Slavic","Russian Language and Literature BA"
"Slavic","Russian Studies BA"
"Slavic","Central and East European Languages and Cultures BA"
"Slavic","Russian Language and Literature BA"
"Slavic","Russian Studies BA"
"Ukrainian","Central and East European Languages and Cultures BA"
"Ukrainian","European Studies BA"
"Ukrainian","Central and East European Languages and Cultures BA"
"Society and Genetics","Global Studies BA"
"Society and Genetics","Human Biology and Society BA"
"Society and Genetics","Human Biology and Society BS"
"Sociology","African and Middle Eastern Studies BA"
"Sociology","Asian Studies BA"
"Sociology","Communication Studies BA"
"Sociology","European Studies BA"
"Sociology","Global Studies BA"
"Sociology","Spanish and Community and Culture BA"
"Sociology","International Development Studies BA"
"Sociology","Latin American Studies BA"
"Sociology","Linguistics and Anthropology BA"
"Sociology","Linguistics and Anthropology BA"
"Sociology","Spanish and Community and Culture BA"
"Sociology","Sociology BA"
"Sociology","Spanish and Community and Culture BA"
"Sociology","Spanish and Community and Culture BA"
"Portuguese","African and Middle Eastern Studies BA"
"Portuguese","Applied Linguistics BA"
"Portuguese","European Studies BA"
"Portuguese","Portuguese BA"
"Portuguese","Spanish and Portuguese BA"
"Portuguese","Italian and Special Fields BA"
"Portuguese","Italian and Special Fields BA"
"Portuguese","Latin American Studies BA"
"Portuguese","Applied Linguistics BA"
"Portuguese","Portuguese BA"
"Portuguese","Spanish and Portuguese BA"
"Portuguese","Portuguese BA"
"Portuguese","Spanish and Portuguese BA"
"Portuguese","Spanish and Portuguese BA"
"Spanish","Applied Linguistics BA"
"Spanish","Chicana and Chicano Studies BA"
"Spanish","European Studies BA"
"Spanish","Global Studies BA"
"Spanish","Spanish BA"
"Spanish","Spanish and Community and Culture BA"
"Spanish","Spanish and Linguistics BA"
"Spanish","Spanish and Portuguese BA"
"Spanish","Italian and Special Fields BA"
"Spanish","Italian and Special Fields BA"
"Spanish","Latin American Studies BA"
"Spanish","Applied Linguistics BA"
"Spanish","Linguistics and Spanish BA"
"Spanish","Linguistics and Spanish BA"
"Spanish","Music Education BA"
"Spanish","Music Education BA"
"Spanish","Spanish BA"
"Spanish","Spanish and Community and Culture BA"
"Spanish","Spanish and Linguistics BA"
"Spanish","Spanish and Portuguese BA"
"Spanish","Spanish BA"
"Spanish","Spanish and Community and Culture BA"
"Spanish","Spanish and Linguistics BA"
"Spanish","Spanish and Portuguese BA"
"Spanish","Spanish and Community and Culture BA"
"Spanish","Spanish and Linguistics BA"
"Spanish","Spanish and Portuguese BA"
"Statistics","American Indian Studies BA"
"Statistics","Anthropology BS"
"Statistics","Applied Mathematics BS"
"Statistics","Statistics BS"
"Statistics","Biology BS"
"Statistics","Cognitive Science BS"
"Statistics","Communication Studies BA"
"Statistics","Computational and Systems Biology BS"
"Statistics","Computer Engineering BS"
"Statistics","Computer Engineering BS"
"Statistics","Computer Science BS"
"Statistics","Computer Science and Engineering BS"
"Statistics","Ecology, Behavior, and Evolution BS"
"Statistics","Computer Engineering BS"
"Statistics","Environmental Science BS"
"Statistics","Environmental Science BS"
"Statistics","Environmental Science BS"
"Statistics","Financial Actuarial Mathematics BS"
"Statistics","Geography BA"
"Statistics","Geography/Environmental Studies BA"
"Statistics","Geography/Environmental Studies BA"
"Statistics","Global Studies BA"
"Statistics","International Development Studies BA"
"Statistics","Marine Biology BS"
"Statistics","Materials Engineering BS"
"Statistics","Materials Engineering BS"
"Statistics","Applied Mathematics BS"
"Statistics","Financial Actuarial Mathematics BS"
"Statistics","Mathematics BS"
"Statistics","Mathematics/Applied Science BS"
"Statistics","Mathematics for Teaching BS"
"Statistics","Mathematics of Computation BS"
"Statistics","Mathematics/Applied Science BS"
"Statistics","Mathematics for Teaching BS"
"Statistics","Mathematics of Computation BS"
"Statistics","Mathematics/Economics BS"
"Statistics","Microbiology, Immunology, and Molecular Genetics BS"
"Statistics","Molecular, Cell, and Developmental Biology BS"
"Statistics","Neuroscience BS"
"Statistics","Physiological Science BS"
"Statistics","Political Science BA"
"Statistics","Psychobiology BS"
"Statistics","Cognitive Science BS"
"Statistics","Psychobiology BS"
"Statistics","Sociology BA"
"Statistics","Statistics BS"
"Theater","African and Middle Eastern Studies BA"
"Theater","Film and Television BA"
"Theater","Italian and Special Fields BA"
"Theater","Italian and Special Fields BA"
"Theater","Theater BA"
"Theater","Theater BA"
"Urban Planning","International Development Studies BA"
"Dance","Dance BA"
"Dance","Dance BA"
"World Arts and Cultures","African and Middle Eastern Studies BA"
"World Arts and Cultures","Asian Studies BA"
"World Arts and Cultures","Dance BA"
"World Arts and Cultures","World Arts and Cultures BA"
"World Arts and Cultures","Dance BA"
"World Arts and Cultures","European Studies BA"
"World Arts and Cultures","Global Studies BA"
"World Arts and Cultures","Latin American Studies BA"
"World Arts and Cultures","Study of Religion BA"
"World Arts and Cultures","World Arts and Cultures BA"
"English Composition","American Literature and Culture BA"
"English Composition","Business Economics BA"
"English Composition","Economics BA"
"English Composition","Business Economics BA"
"English Composition","Economics BA"
"English Composition","English BA"
"English Composition","Italian and Special Fields BA"
"English Composition","Italian and Special Fields BA"
